{
  "bc": {
    "cumulative_reward": 349.0,
    "acceptance_rate": 0.024734231041814315,
    "avg_user_probability": 0.00030322931347305407,
    "avg_session_length": 10.0,
    "item_coverage": 0.0813607370659107,
    "unique_items_recommended": 1148,
    "repetition_rate": 0.9186392629340893
  },
  "iql_policy": {
    "cumulative_reward": 362.0,
    "acceptance_rate": 0.025655563430191354,
    "avg_user_probability": 0.0003581335672307854,
    "avg_session_length": 10.0,
    "item_coverage": 0.010205527994330263,
    "unique_items_recommended": 144,
    "repetition_rate": 0.9897944720056697
  },
  "iql_critic": {
    "cumulative_reward": 339.0,
    "acceptance_rate": 0.024025513819985824,
    "avg_user_probability": 0.0002995344685060678,
    "avg_session_length": 10.0,
    "item_coverage": 0.0036144578313253013,
    "unique_items_recommended": 51,
    "repetition_rate": 0.9963855421686747
  },
  "cql": {
    "cumulative_reward": 338.0,
    "acceptance_rate": 0.023954642097802976,
    "avg_user_probability": 0.0003035890664909485,
    "avg_session_length": 10.0,
    "item_coverage": 0.015804394046775336,
    "unique_items_recommended": 223,
    "repetition_rate": 0.9841956059532246
  }
}