{
  "bc": {
    "cumulative_reward": 63.0,
    "acceptance_rate": 0.00446491849751949,
    "avg_user_probability": 0.0002909865292398323,
    "avg_session_length": 10.0,
    "item_coverage": 0.07795889440113395,
    "unique_items_recommended": 1100,
    "repetition_rate": 0.9220411055988661
  },
  "iql_policy": {
    "cumulative_reward": 96.0,
    "acceptance_rate": 0.006803685329553508,
    "avg_user_probability": 0.0003500363749990692,
    "avg_session_length": 10.0,
    "item_coverage": 0.00595322466335932,
    "unique_items_recommended": 84,
    "repetition_rate": 0.9940467753366407
  },
  "iql_critic": {
    "cumulative_reward": 51.0,
    "acceptance_rate": 0.0036144578313253013,
    "avg_user_probability": 0.0003064904268051273,
    "avg_session_length": 10.0,
    "item_coverage": 0.0011339475549255846,
    "unique_items_recommended": 16,
    "repetition_rate": 0.9988660524450744
  },
  "cql": {
    "cumulative_reward": 37.0,
    "acceptance_rate": 0.0026222537207654145,
    "avg_user_probability": 0.0002870195439620954,
    "avg_session_length": 10.0,
    "item_coverage": 0.007795889440113395,
    "unique_items_recommended": 110,
    "repetition_rate": 0.9922041105598866
  }
}